{
  "IN-KA": {
    "display_name": "India - Karnataka (Custom Week)",
    "weekend_days": [5, 6]
  },
  "IN-AP": {
    "display_name": "India - Andhra Pradesh (Custom Week)",
    "weekend_days": [5, 6]
  },
  "CN": {
    "display_name": "China (National)",
    "holidays": [],
    "makeup_days": [
      "2024-02-04",
      "2024-02-18",
      "2024-04-28",
      "2024-05-11",
      "2024-09-29",
      "2024-10-12",
      "2025-01-26",
      "2025-02-08"
    ]
  },
  "X-CORP": {
    "display_name": "INTERNAL - My Company Calendar",
    "weekend_days": [5, 6],
    "holidays": [
      "2024-12-24",
      "2024-12-31",
      "2025-12-24",
      "2025-12-31"
    ],
    "makeup_days": []
  }
}
